<?xml version="1.0" encoding="utf-8"?>
<SoundBanksInfo Platform="Windows" BasePlatform="Windows" SchemaVersion="16" SoundBankVersion="145">
	<RootPaths>
		<ProjectRoot>../..</ProjectRoot>
		<SourceFilesRoot>../../.cache/Windows</SourceFilesRoot>
		<SoundBanksRoot>.</SoundBanksRoot>
		<ExternalSourcesInputFile></ExternalSourcesInputFile>
		<ExternalSourcesOutputRoot>.</ExternalSourcesOutputRoot>
	</RootPaths>
	<DialogueEvents/>
	<SoundBanks>
		<SoundBank Id="1355168291" Type="User" Language="SFX" Hash="{DE807B1A-A664-44CB-3614-626AD9F6E278}">
			<ShortName>Init</ShortName>
			<Path>Init.bnk</Path>
			<Plugins>
				<AudioDevices>
					<Plugin Id="2317455096" Name="No_Output" LibName="No Output" LibId="11862023"/>
					<Plugin Id="3859886410" Name="System" LibName="System" LibId="11403271"/>
				</AudioDevices>
			</Plugins>
			<Busses>
				<Bus Id="393239870" Name="SFX"/>
				<Bus Id="1229948536" Name="Environment"/>
				<Bus Id="3803692087" Name="Master Audio Bus"/>
				<Bus Id="3991942870" Name="Music"/>
			</Busses>
			<GameParameters>
				<GameParameter Id="1006694123" Name="Music_Volume"/>
				<GameParameter Id="1564184899" Name="SFX_Volume"/>
				<GameParameter Id="2054307141" Name="Environment_Volume"/>
				<GameParameter Id="4179668880" Name="Master_Volume"/>
			</GameParameters>
			<StateGroups>
				<StateGroup Id="3367563548" Name="Game_Paused">
					<States>
						<State Id="319258907" Name="Paused"/>
						<State Id="748895195" Name="None"/>
						<State Id="1365518790" Name="Unpaused"/>
					</States>
				</StateGroup>
			</StateGroups>
			<SwitchGroups>
				<SwitchGroup Id="3865314626" Name="Material">
					<Switches>
						<Switch Id="1216965916" Name="Stone"/>
						<Switch Id="4248645337" Name="Grass"/>
					</Switches>
				</SwitchGroup>
			</SwitchGroups>
			<AcousticTextures>
				<AcousticTexture Id="504532776" Name="Brick">
					<Properties>
						<Property Name="AbsorptionLow" Type="Real32" Value="12"/>
						<Property Name="AbsorptionMidLow" Type="Real32" Value="18"/>
						<Property Name="AbsorptionMidHigh" Type="Real32" Value="23"/>
						<Property Name="AbsorptionHigh" Type="Real32" Value="35"/>
					</Properties>
				</AcousticTexture>
				<AcousticTexture Id="513139656" Name="Mountain">
					<Properties>
						<Property Name="AbsorptionLow" Type="Real32" Value="0"/>
						<Property Name="AbsorptionMidLow" Type="Real32" Value="0"/>
						<Property Name="AbsorptionMidHigh" Type="Real32" Value="0"/>
						<Property Name="AbsorptionHigh" Type="Real32" Value="0"/>
					</Properties>
				</AcousticTexture>
				<AcousticTexture Id="841620460" Name="Concrete">
					<Properties>
						<Property Name="AbsorptionLow" Type="Real32" Value="6"/>
						<Property Name="AbsorptionMidLow" Type="Real32" Value="6"/>
						<Property Name="AbsorptionMidHigh" Type="Real32" Value="6"/>
						<Property Name="AbsorptionHigh" Type="Real32" Value="14"/>
					</Properties>
				</AcousticTexture>
				<AcousticTexture Id="1755085759" Name="Wood_Deep">
					<Properties>
						<Property Name="AbsorptionLow" Type="Real32" Value="1"/>
						<Property Name="AbsorptionMidLow" Type="Real32" Value="8"/>
						<Property Name="AbsorptionMidHigh" Type="Real32" Value="20"/>
						<Property Name="AbsorptionHigh" Type="Real32" Value="35"/>
					</Properties>
				</AcousticTexture>
				<AcousticTexture Id="1873957695" Name="Anechoic">
					<Properties>
						<Property Name="AbsorptionLow" Type="Real32" Value="100"/>
						<Property Name="AbsorptionMidLow" Type="Real32" Value="100"/>
						<Property Name="AbsorptionMidHigh" Type="Real32" Value="100"/>
						<Property Name="AbsorptionHigh" Type="Real32" Value="100"/>
					</Properties>
				</AcousticTexture>
				<AcousticTexture Id="1970351858" Name="Fabric">
					<Properties>
						<Property Name="AbsorptionLow" Type="Real32" Value="3"/>
						<Property Name="AbsorptionMidLow" Type="Real32" Value="13"/>
						<Property Name="AbsorptionMidHigh" Type="Real32" Value="48"/>
						<Property Name="AbsorptionHigh" Type="Real32" Value="72"/>
					</Properties>
				</AcousticTexture>
				<AcousticTexture Id="2058049674" Name="Wood">
					<Properties>
						<Property Name="AbsorptionLow" Type="Real32" Value="32"/>
						<Property Name="AbsorptionMidLow" Type="Real32" Value="25"/>
						<Property Name="AbsorptionMidHigh" Type="Real32" Value="20"/>
						<Property Name="AbsorptionHigh" Type="Real32" Value="35"/>
					</Properties>
				</AcousticTexture>
				<AcousticTexture Id="2412606308" Name="Carpet">
					<Properties>
						<Property Name="AbsorptionLow" Type="Real32" Value="46"/>
						<Property Name="AbsorptionMidLow" Type="Real32" Value="45"/>
						<Property Name="AbsorptionMidHigh" Type="Real32" Value="76"/>
						<Property Name="AbsorptionHigh" Type="Real32" Value="100"/>
					</Properties>
				</AcousticTexture>
				<AcousticTexture Id="2637588553" Name="Tile">
					<Properties>
						<Property Name="AbsorptionLow" Type="Real32" Value="67"/>
						<Property Name="AbsorptionMidLow" Type="Real32" Value="41"/>
						<Property Name="AbsorptionMidHigh" Type="Real32" Value="12"/>
						<Property Name="AbsorptionHigh" Type="Real32" Value="0"/>
					</Properties>
				</AcousticTexture>
				<AcousticTexture Id="2928161104" Name="Curtains">
					<Properties>
						<Property Name="AbsorptionLow" Type="Real32" Value="7"/>
						<Property Name="AbsorptionMidLow" Type="Real32" Value="60"/>
						<Property Name="AbsorptionMidHigh" Type="Real32" Value="0"/>
						<Property Name="AbsorptionHigh" Type="Real32" Value="84"/>
					</Properties>
				</AcousticTexture>
				<AcousticTexture Id="3195498748" Name="Cork_Tiles">
					<Properties>
						<Property Name="AbsorptionLow" Type="Real32" Value="14"/>
						<Property Name="AbsorptionMidLow" Type="Real32" Value="30"/>
						<Property Name="AbsorptionMidHigh" Type="Real32" Value="73"/>
						<Property Name="AbsorptionHigh" Type="Real32" Value="100"/>
					</Properties>
				</AcousticTexture>
				<AcousticTexture Id="3670307564" Name="Drywall">
					<Properties>
						<Property Name="AbsorptionLow" Type="Real32" Value="2"/>
						<Property Name="AbsorptionMidLow" Type="Real32" Value="2"/>
						<Property Name="AbsorptionMidHigh" Type="Real32" Value="2"/>
						<Property Name="AbsorptionHigh" Type="Real32" Value="2"/>
					</Properties>
				</AcousticTexture>
				<AcousticTexture Id="4168643977" Name="Acoustic_Banner">
					<Properties>
						<Property Name="AbsorptionLow" Type="Real32" Value="37"/>
						<Property Name="AbsorptionMidLow" Type="Real32" Value="100"/>
						<Property Name="AbsorptionMidHigh" Type="Real32" Value="100"/>
						<Property Name="AbsorptionHigh" Type="Real32" Value="100"/>
					</Properties>
				</AcousticTexture>
				<AcousticTexture Id="4262522749" Name="Wood_Bright">
					<Properties>
						<Property Name="AbsorptionLow" Type="Real32" Value="32"/>
						<Property Name="AbsorptionMidLow" Type="Real32" Value="25"/>
						<Property Name="AbsorptionMidHigh" Type="Real32" Value="10"/>
						<Property Name="AbsorptionHigh" Type="Real32" Value="9"/>
					</Properties>
				</AcousticTexture>
			</AcousticTextures>
		</SoundBank>
		<SoundBank Id="3161908922" Type="User" Language="SFX" Hash="{FCD0BF00-023D-2121-95A2-6BC69DC34F4D}">
			<ShortName>Main</ShortName>
			<Path>Main.bnk</Path>
			<Media>
				<File Id="8426787" Language="SFX" Streaming="false" Location="Memory">
					<ShortName>Land_Stone\Land_Stone-Variation3.wav</ShortName>
					<CachePath>SFX/Land_Stone/Land_Stone-Variation3_10C4C929.wem</CachePath>
				</File>
				<File Id="347146506" Language="SFX" Streaming="false" Location="Memory">
					<ShortName>Land_Stone\Land_Stone-Variation2.wav</ShortName>
					<CachePath>SFX/Land_Stone/Land_Stone-Variation2_10C4C929.wem</CachePath>
				</File>
				<File Id="357027929" Language="SFX" Streaming="false" Location="Memory">
					<ShortName>Land_Grass\Land_Grass-Variation1.wav</ShortName>
					<CachePath>SFX/Land_Grass/Land_Grass-Variation1_10C4C929.wem</CachePath>
				</File>
				<File Id="366413945" Language="SFX" Streaming="false" Location="Memory">
					<ShortName>Menu Loop 1.1.wav</ShortName>
					<CachePath>SFX/Menu Loop 1.1_10C4C929.wem</CachePath>
				</File>
				<File Id="393505334" Language="SFX" Streaming="false" Location="Memory">
					<ShortName>Navigate forwards.wav</ShortName>
					<CachePath>SFX/Navigate forwards_10C4C929.wem</CachePath>
				</File>
				<File Id="410789529" Language="SFX" Streaming="false" Location="Memory">
					<ShortName>Button push generic.wav</ShortName>
					<CachePath>SFX/Button push generic_10C4C929.wem</CachePath>
				</File>
				<File Id="438389392" Language="SFX" Streaming="false" Location="Memory">
					<ShortName>Forest theme INTRO.wav</ShortName>
					<CachePath>SFX/Forest theme INTRO_10C4C929.wem</CachePath>
				</File>
				<File Id="443681236" Language="SFX" Streaming="false" Location="Memory">
					<ShortName>Player_Jump\Player_Jump-Variation1.wav</ShortName>
					<CachePath>SFX/Player_Jump/Player_Jump-Variation1_10C4C929.wem</CachePath>
				</File>
				<File Id="451811287" Language="SFX" Streaming="false" Location="Memory">
					<ShortName>Player_Jump\Player_Jump-Variation2.wav</ShortName>
					<CachePath>SFX/Player_Jump/Player_Jump-Variation2_10C4C929.wem</CachePath>
				</File>
				<File Id="468087129" Language="SFX" Streaming="false" Location="Memory">
					<ShortName>Forest theme A'.wav</ShortName>
					<CachePath>SFX/Forest theme A'_10C4C929.wem</CachePath>
				</File>
				<File Id="511405696" Language="SFX" Streaming="false" Location="Memory">
					<ShortName>Slime_Jump\Slime_Jump-Variation1.wav</ShortName>
					<CachePath>SFX/Slime_Jump/Slime_Jump-Variation1_10C4C929.wem</CachePath>
				</File>
				<File Id="575808378" Language="SFX" Streaming="false" Location="Memory">
					<ShortName>Land_Stone\Land_Stone-Variation1.wav</ShortName>
					<CachePath>SFX/Land_Stone/Land_Stone-Variation1_10C4C929.wem</CachePath>
				</File>
				<File Id="694524066" Language="SFX" Streaming="false" Location="Memory">
					<ShortName>Land_Grass\Land_Grass-Variation2.wav</ShortName>
					<CachePath>SFX/Land_Grass/Land_Grass-Variation2_10C4C929.wem</CachePath>
				</File>
				<File Id="723415574" Language="SFX" Streaming="false" Location="Memory">
					<ShortName>Slime_Jump\Slime_Jump-Variation2.wav</ShortName>
					<CachePath>SFX/Slime_Jump/Slime_Jump-Variation2_10C4C929.wem</CachePath>
				</File>
				<File Id="941640842" Language="SFX" Streaming="false" Location="Memory">
					<ShortName>Player_Jump\Player_Jump-Variation3.wav</ShortName>
					<CachePath>SFX/Player_Jump/Player_Jump-Variation3_10C4C929.wem</CachePath>
				</File>
				<File Id="957696017" Language="SFX" Streaming="false" Location="Memory">
					<ShortName>Land_Grass\Land_Grass-Variation3.wav</ShortName>
					<CachePath>SFX/Land_Grass/Land_Grass-Variation3_10C4C929.wem</CachePath>
				</File>
				<File Id="1007556363" Language="SFX" Streaming="false" Location="Memory">
					<ShortName>Slime_Jump\Slime_Jump-Variation3.wav</ShortName>
					<CachePath>SFX/Slime_Jump/Slime_Jump-Variation3_10C4C929.wem</CachePath>
				</File>
				<File Id="1013012491" Language="SFX" Streaming="false" Location="Memory">
					<ShortName>Forest theme B.wav</ShortName>
					<CachePath>SFX/Forest theme B_10C4C929.wem</CachePath>
				</File>
				<File Id="1024747270" Language="SFX" Streaming="false" Location="Memory">
					<ShortName>Navigate backwards.wav</ShortName>
					<CachePath>SFX/Navigate backwards_10C4C929.wem</CachePath>
				</File>
				<File Id="1035294855" Language="SFX" Streaming="false" Location="Memory">
					<ShortName>Pause.wav</ShortName>
					<CachePath>SFX/Pause_10C4C929.wem</CachePath>
				</File>
				<File Id="1036478591" Language="SFX" Streaming="false" Location="Memory">
					<ShortName>Unpause.wav</ShortName>
					<CachePath>SFX/Unpause_10C4C929.wem</CachePath>
				</File>
				<File Id="1040621577" Language="SFX" Streaming="false" Location="Memory">
					<ShortName>Forest theme A.wav</ShortName>
					<CachePath>SFX/Forest theme A_10C4C929.wem</CachePath>
				</File>
			</Media>
			<Events>
				<Event Id="1301445487" Name="Button_Generic" DurationType="OneShot" DurationMin="0.988514" DurationMax="1.0116194">
					<MediaRefs>
						<MediaRef Id="410789529"/>
					</MediaRefs>
				</Event>
				<Event Id="2181728358" Name="Music_Forest" DurationType="Infinite">
					<MediaRefs>
						<MediaRef Id="468087129"/>
						<MediaRef Id="1013012491"/>
						<MediaRef Id="1040621577"/>
					</MediaRefs>
				</Event>
				<Event Id="1598298728" Name="Music_Menu" DurationType="Infinite">
					<MediaRefs>
						<MediaRef Id="366413945"/>
					</MediaRefs>
				</Event>
				<Event Id="647488260" Name="Nav_Backward" DurationType="OneShot" DurationMin="0.988514" DurationMax="1.0116194">
					<MediaRefs>
						<MediaRef Id="1024747270"/>
					</MediaRefs>
					<ActionPostEvent>
						<ActionPostEventEntry Id="1301445487" Name="Button_Generic"/>
					</ActionPostEvent>
				</Event>
				<Event Id="3621467206" Name="Nav_Forward" DurationType="OneShot" DurationMin="0.988514" DurationMax="1.0116194">
					<MediaRefs>
						<MediaRef Id="393505334"/>
					</MediaRefs>
					<ActionPostEvent>
						<ActionPostEventEntry Id="1301445487" Name="Button_Generic"/>
					</ActionPostEvent>
				</Event>
				<Event Id="3092587493" Name="Pause" DurationType="OneShot" DurationMin="1.5" DurationMax="1.5">
					<MediaRefs>
						<MediaRef Id="1035294855"/>
					</MediaRefs>
				</Event>
				<Event Id="1305133589" Name="Player_Jump" MaxAttenuation="30" DurationType="OneShot" DurationMin="2.0307083" DurationMax="2.0307083">
					<MediaRefs>
						<MediaRef Id="443681236"/>
						<MediaRef Id="451811287"/>
						<MediaRef Id="941640842"/>
					</MediaRefs>
				</Event>
				<Event Id="2006797914" Name="Slime_Jump" MaxAttenuation="30" DurationType="OneShot" DurationMin="2" DurationMax="2">
					<MediaRefs>
						<MediaRef Id="511405696"/>
						<MediaRef Id="723415574"/>
						<MediaRef Id="1007556363"/>
					</MediaRefs>
					<ActionPostEvent>
						<ActionPostEventEntry Id="2608073725" Name="Slime_Land"/>
					</ActionPostEvent>
				</Event>
				<Event Id="2608073725" Name="Slime_Land" MaxAttenuation="30" DurationType="OneShot" DurationMin="2" DurationMax="2">
					<SwitchContainers>
						<SwitchContainer>
							<SwitchValue GroupType="Switch" GroupId="3865314626" Id="1216965916"/>
							<MediaRefs>
								<MediaRef Id="8426787"/>
								<MediaRef Id="347146506"/>
								<MediaRef Id="575808378"/>
							</MediaRefs>
						</SwitchContainer>
						<SwitchContainer>
							<SwitchValue GroupType="Switch" GroupId="3865314626" Id="4248645337" Default="true"/>
							<MediaRefs>
								<MediaRef Id="357027929"/>
								<MediaRef Id="694524066"/>
								<MediaRef Id="957696017"/>
							</MediaRefs>
						</SwitchContainer>
					</SwitchContainers>
				</Event>
				<Event Id="3412652423" Name="Start_Mode" DurationType="OneShot" DurationMin="3.6923125" DurationMax="3.6923125">
					<MediaRefs>
						<MediaRef Id="438389392"/>
					</MediaRefs>
					<ActionPostEvent>
						<ActionPostEventEntry Id="3621467206" Name="Nav_Forward"/>
					</ActionPostEvent>
				</Event>
				<Event Id="3412868374" Name="Unpause" DurationType="OneShot" DurationMin="1.5" DurationMax="1.5">
					<MediaRefs>
						<MediaRef Id="1036478591"/>
					</MediaRefs>
				</Event>
			</Events>
			<SwitchGroups>
				<SwitchGroup Id="3865314626" Name="Material">
					<Switches>
						<Switch Id="1216965916" Name="Stone"/>
						<Switch Id="4248645337" Name="Grass"/>
					</Switches>
				</SwitchGroup>
			</SwitchGroups>
		</SoundBank>
	</SoundBanks>
	<FileHash>{A0EEA23C-3E96-9B18-ACB3-7290BD67C673}</FileHash>
</SoundBanksInfo>
